Variable,Modelo,MAE_Test,RMSE_Test,MAPE_Test,R2_Test
Demanda,XGBoost,49327.72265625,75862.53504859959,4.750612452572453,0.6528689229087532
Henry Hub,XGBoost,0.27368589172093694,0.5400820617653583,8.256623124434933,0.5698735328641396
TTF,XGBoost,2.35836625984111,3.5216781665343357,5.942434623842517,0.6912940109612016
